[
  {
    "date": "2024-12-12",
    "price": 195.89,
    "dividend": 0.0
  },
  {
    "date": "2024-12-11",
    "price": 194.12,
    "dividend": 0.0
  },
  {
    "date": "2024-12-10",
    "price": 196.45,
    "dividend": 0.0
  },
  {
    "date": "2024-12-09",
    "price": 198.23,
    "dividend": 0.0
  },
  {
    "date": "2024-12-08",
    "price": 192.87,
    "dividend": 0.0
  },
  {
    "date": "2024-12-07",
    "price": 191.34,
    "dividend": 0.0
  },
  {
    "date": "2024-12-06",
    "price": 193.78,
    "dividend": 0.0
  },
  {
    "date": "2024-12-05",
    "price": 190.56,
    "dividend": 0.0
  },
  {
    "date": "2024-12-04",
    "price": 189.23,
    "dividend": 0.0
  },
  {
    "date": "2024-12-03",
    "price": 187.91,
    "dividend": 0.0
  },
  {
    "date": "2024-12-02",
    "price": 186.45,
    "dividend": 0.0
  },
  {
    "date": "2024-12-01",
    "price": 185.12,
    "dividend": 0.0
  },
  {
    "date": "2024-11-30",
    "price": 184.67,
    "dividend": 0.0
  },
  {
    "date": "2024-11-29",
    "price": 183.89,
    "dividend": 0.0
  },
  {
    "date": "2024-11-28",
    "price": 182.34,
    "dividend": 0.0
  },
  {
    "date": "2024-11-27",
    "price": 181.78,
    "dividend": 0.0
  },
  {
    "date": "2024-11-26",
    "price": 180.23,
    "dividend": 0.0
  },
  {
    "date": "2024-11-25",
    "price": 179.45,
    "dividend": 0.0
  },
  {
    "date": "2024-11-24",
    "price": 178.91,
    "dividend": 0.0
  },
  {
    "date": "2024-11-23",
    "price": 177.56,
    "dividend": 0.0
  },
  {
    "date": "2024-11-22",
    "price": 176.23,
    "dividend": 0.0
  },
  {
    "date": "2024-11-21",
    "price": 175.89,
    "dividend": 0.0
  },
  {
    "date": "2024-11-20",
    "price": 174.34,
    "dividend": 0.0
  },
  {
    "date": "2024-11-19",
    "price": 173.78,
    "dividend": 0.0
  },
  {
    "date": "2024-11-18",
    "price": 172.45,
    "dividend": 0.0
  },
  {
    "date": "2024-11-17",
    "price": 171.23,
    "dividend": 0.0
  },
  {
    "date": "2024-11-16",
    "price": 170.89,
    "dividend": 0.0
  },
  {
    "date": "2024-11-15",
    "price": 169.56,
    "dividend": 2.45
  },
  {
    "date": "2024-11-14",
    "price": 168.23,
    "dividend": 0.0
  },
  {
    "date": "2024-11-13",
    "price": 167.89,
    "dividend": 0.0
  },
  {
    "date": "2024-11-12",
    "price": 166.45,
    "dividend": 0.0
  },
  {
    "date": "2024-11-11",
    "price": 165.78,
    "dividend": 0.0
  },
  {
    "date": "2024-11-10",
    "price": 164.23,
    "dividend": 0.0
  },
  {
    "date": "2024-11-09",
    "price": 163.89,
    "dividend": 0.0
  },
  {
    "date": "2024-11-08",
    "price": 162.45,
    "dividend": 0.0
  },
  {
    "date": "2024-11-07",
    "price": 161.78,
    "dividend": 0.0
  },
  {
    "date": "2024-11-06",
    "price": 160.23,
    "dividend": 0.0
  },
  {
    "date": "2024-11-05",
    "price": 159.89,
    "dividend": 0.0
  },
  {
    "date": "2024-11-04",
    "price": 158.45,
    "dividend": 0.0
  },
  {
    "date": "2024-11-03",
    "price": 157.78,
    "dividend": 0.0
  },
  {
    "date": "2024-11-02",
    "price": 156.23,
    "dividend": 0.0
  },
  {
    "date": "2024-11-01",
    "price": 155.89,
    "dividend": 0.0
  },
  {
    "date": "2024-10-31",
    "price": 154.45,
    "dividend": 0.0
  },
  {
    "date": "2024-10-30",
    "price": 153.78,
    "dividend": 0.0
  },
  {
    "date": "2024-10-29",
    "price": 152.23,
    "dividend": 0.0
  },
  {
    "date": "2024-10-28",
    "price": 151.89,
    "dividend": 0.0
  },
  {
    "date": "2024-10-27",
    "price": 150.45,
    "dividend": 0.0
  },
  {
    "date": "2024-10-26",
    "price": 149.78,
    "dividend": 0.0
  },
  {
    "date": "2024-10-25",
    "price": 148.23,
    "dividend": 0.0
  },
  {
    "date": "2024-10-24",
    "price": 147.89,
    "dividend": 0.0
  },
  {
    "date": "2024-10-23",
    "price": 146.45,
    "dividend": 0.0
  }
]
