[
  {
    "date": "2024-12-12",
    "price": 2789.45,
    "dividend": 0.0
  },
  {
    "date": "2024-12-11",
    "price": 2756.78,
    "dividend": 0.0
  },
  {
    "date": "2024-12-10",
    "price": 2823.12,
    "dividend": 0.0
  },
  {
    "date": "2024-12-09",
    "price": 2845.67,
    "dividend": 0.0
  },
  {
    "date": "2024-12-08",
    "price": 2798.34,
    "dividend": 0.0
  },
  {
    "date": "2024-12-07",
    "price": 2776.89,
    "dividend": 0.0
  },
  {
    "date": "2024-12-06",
    "price": 2812.45,
    "dividend": 0.0
  },
  {
    "date": "2024-12-05",
    "price": 2734.56,
    "dividend": 0.0
  },
  {
    "date": "2024-12-04",
    "price": 2723.78,
    "dividend": 0.0
  },
  {
    "date": "2024-12-03",
    "price": 2701.23,
    "dividend": 0.0
  },
  {
    "date": "2024-12-02",
    "price": 2689.45,
    "dividend": 0.0
  },
  {
    "date": "2024-12-01",
    "price": 2667.89,
    "dividend": 0.0
  },
  {
    "date": "2024-11-30",
    "price": 2656.34,
    "dividend": 0.0
  },
  {
    "date": "2024-11-29",
    "price": 2634.78,
    "dividend": 0.0
  },
  {
    "date": "2024-11-28",
    "price": 2623.12,
    "dividend": 0.0
  },
  {
    "date": "2024-11-27",
    "price": 2601.56,
    "dividend": 0.0
  },
  {
    "date": "2024-11-26",
    "price": 2589.89,
    "dividend": 0.0
  },
  {
    "date": "2024-11-25",
    "price": 2578.23,
    "dividend": 0.0
  },
  {
    "date": "2024-11-24",
    "price": 2556.67,
    "dividend": 0.0
  },
  {
    "date": "2024-11-23",
    "price": 2545.12,
    "dividend": 0.0
  },
  {
    "date": "2024-11-22",
    "price": 2523.45,
    "dividend": 0.0
  },
  {
    "date": "2024-11-21",
    "price": 2512.78,
    "dividend": 0.0
  },
  {
    "date": "2024-11-20",
    "price": 2501.23,
    "dividend": 0.0
  },
  {
    "date": "2024-11-19",
    "price": 2489.56,
    "dividend": 0.0
  },
  {
    "date": "2024-11-18",
    "price": 2478.89,
    "dividend": 0.0
  },
  {
    "date": "2024-11-17",
    "price": 2467.23,
    "dividend": 0.0
  },
  {
    "date": "2024-11-16",
    "price": 2455.67,
    "dividend": 0.0
  },
  {
    "date": "2024-11-15",
    "price": 2444.12,
    "dividend": 3.25
  },
  {
    "date": "2024-11-14",
    "price": 2432.45,
    "dividend": 0.0
  },
  {
    "date": "2024-11-13",
    "price": 2421.78,
    "dividend": 0.0
  },
  {
    "date": "2024-11-12",
    "price": 2410.23,
    "dividend": 0.0
  },
  {
    "date": "2024-11-11",
    "price": 2398.56,
    "dividend": 0.0
  },
  {
    "date": "2024-11-10",
    "price": 2387.89,
    "dividend": 0.0
  },
  {
    "date": "2024-11-09",
    "price": 2376.23,
    "dividend": 0.0
  },
  {
    "date": "2024-11-08",
    "price": 2364.67,
    "dividend": 0.0
  },
  {
    "date": "2024-11-07",
    "price": 2353.12,
    "dividend": 0.0
  },
  {
    "date": "2024-11-06",
    "price": 2341.45,
    "dividend": 0.0
  },
  {
    "date": "2024-11-05",
    "price": 2330.78,
    "dividend": 0.0
  },
  {
    "date": "2024-11-04",
    "price": 2319.23,
    "dividend": 0.0
  },
  {
    "date": "2024-11-03",
    "price": 2307.56,
    "dividend": 0.0
  },
  {
    "date": "2024-11-02",
    "price": 2296.89,
    "dividend": 0.0
  },
  {
    "date": "2024-11-01",
    "price": 2285.23,
    "dividend": 0.0
  },
  {
    "date": "2024-10-31",
    "price": 2273.67,
    "dividend": 0.0
  },
  {
    "date": "2024-10-30",
    "price": 2262.12,
    "dividend": 0.0
  },
  {
    "date": "2024-10-29",
    "price": 2250.45,
    "dividend": 0.0
  },
  {
    "date": "2024-10-28",
    "price": 2239.78,
    "dividend": 0.0
  },
  {
    "date": "2024-10-27",
    "price": 2228.23,
    "dividend": 0.0
  },
  {
    "date": "2024-10-26",
    "price": 2216.56,
    "dividend": 0.0
  },
  {
    "date": "2024-10-25",
    "price": 2205.89,
    "dividend": 0.0
  },
  {
    "date": "2024-10-24",
    "price": 2194.23,
    "dividend": 0.0
  },
  {
    "date": "2024-10-23",
    "price": 2182.67,
    "dividend": 0.0
  }
]
