[
  {
    "date": "2024-12-12",
    "price": 425.89,
    "dividend": 0.0
  },
  {
    "date": "2024-12-11",
    "price": 423.45,
    "dividend": 0.0
  },
  {
    "date": "2024-12-10",
    "price": 427.78,
    "dividend": 0.0
  },
  {
    "date": "2024-12-09",
    "price": 431.23,
    "dividend": 0.0
  },
  {
    "date": "2024-12-08",
    "price": 419.67,
    "dividend": 0.0
  },
  {
    "date": "2024-12-07",
    "price": 416.34,
    "dividend": 0.0
  },
  {
    "date": "2024-12-06",
    "price": 421.89,
    "dividend": 0.0
  },
  {
    "date": "2024-12-05",
    "price": 414.56,
    "dividend": 0.0
  },
  {
    "date": "2024-12-04",
    "price": 412.23,
    "dividend": 0.0
  },
  {
    "date": "2024-12-03",
    "price": 408.78,
    "dividend": 0.0
  },
  {
    "date": "2024-12-02",
    "price": 405.45,
    "dividend": 0.0
  },
  {
    "date": "2024-12-01",
    "price": 402.89,
    "dividend": 0.0
  },
  {
    "date": "2024-11-30",
    "price": 400.34,
    "dividend": 0.0
  },
  {
    "date": "2024-11-29",
    "price": 397.78,
    "dividend": 0.0
  },
  {
    "date": "2024-11-28",
    "price": 395.23,
    "dividend": 0.0
  },
  {
    "date": "2024-11-27",
    "price": 392.67,
    "dividend": 0.0
  },
  {
    "date": "2024-11-26",
    "price": 390.12,
    "dividend": 0.0
  },
  {
    "date": "2024-11-25",
    "price": 387.56,
    "dividend": 0.0
  },
  {
    "date": "2024-11-24",
    "price": 385.89,
    "dividend": 0.0
  },
  {
    "date": "2024-11-23",
    "price": 383.23,
    "dividend": 0.0
  },
  {
    "date": "2024-11-22",
    "price": 380.67,
    "dividend": 0.0
  },
  {
    "date": "2024-11-21",
    "price": 378.12,
    "dividend": 0.0
  },
  {
    "date": "2024-11-20",
    "price": 375.56,
    "dividend": 0.0
  },
  {
    "date": "2024-11-19",
    "price": 372.89,
    "dividend": 0.0
  },
  {
    "date": "2024-11-18",
    "price": 370.23,
    "dividend": 0.0
  },
  {
    "date": "2024-11-17",
    "price": 367.67,
    "dividend": 0.0
  },
  {
    "date": "2024-11-16",
    "price": 365.12,
    "dividend": 0.0
  },
  {
    "date": "2024-11-15",
    "price": 362.56,
    "dividend": 1.85
  },
  {
    "date": "2024-11-14",
    "price": 359.89,
    "dividend": 0.0
  },
  {
    "date": "2024-11-13",
    "price": 357.23,
    "dividend": 0.0
  },
  {
    "date": "2024-11-12",
    "price": 354.67,
    "dividend": 0.0
  },
  {
    "date": "2024-11-11",
    "price": 352.12,
    "dividend": 0.0
  },
  {
    "date": "2024-11-10",
    "price": 349.56,
    "dividend": 0.0
  },
  {
    "date": "2024-11-09",
    "price": 346.89,
    "dividend": 0.0
  },
  {
    "date": "2024-11-08",
    "price": 344.23,
    "dividend": 0.0
  },
  {
    "date": "2024-11-07",
    "price": 341.67,
    "dividend": 0.0
  },
  {
    "date": "2024-11-06",
    "price": 339.12,
    "dividend": 0.0
  },
  {
    "date": "2024-11-05",
    "price": 336.56,
    "dividend": 0.0
  },
  {
    "date": "2024-11-04",
    "price": 333.89,
    "dividend": 0.0
  },
  {
    "date": "2024-11-03",
    "price": 331.23,
    "dividend": 0.0
  },
  {
    "date": "2024-11-02",
    "price": 328.67,
    "dividend": 0.0
  },
  {
    "date": "2024-11-01",
    "price": 326.12,
    "dividend": 0.0
  },
  {
    "date": "2024-10-31",
    "price": 323.56,
    "dividend": 0.0
  },
  {
    "date": "2024-10-30",
    "price": 320.89,
    "dividend": 0.0
  },
  {
    "date": "2024-10-29",
    "price": 318.23,
    "dividend": 0.0
  },
  {
    "date": "2024-10-28",
    "price": 315.67,
    "dividend": 0.0
  },
  {
    "date": "2024-10-27",
    "price": 313.12,
    "dividend": 0.0
  },
  {
    "date": "2024-10-26",
    "price": 310.56,
    "dividend": 0.0
  },
  {
    "date": "2024-10-25",
    "price": 307.89,
    "dividend": 0.0
  },
  {
    "date": "2024-10-24",
    "price": 305.23,
    "dividend": 0.0
  },
  {
    "date": "2024-10-23",
    "price": 302.67,
    "dividend": 0.0
  }
]
